record_id,redcap_survey_identifier,formulrio_controle_de_temperatura_timestamp,selecao,ambiente,tipo_equipamento,temperatura_atual,temperatura_maxima,temperatura_minima,umidade,numero_patrimonio,temperatura_atual_equipamento,temperatura_maxima_equipamento,temperatura_m_nima_equipamento,responsavel,temperatura_ambiente_miseq,temperatura_chiller_miseq,data,par_joindate,par_joindate_utc,par_timezone,par_code,formulrio_controle_de_temperatura_complete
1,,,1,1,,17.4,18.9,16.3,59,,,,,"Tiago Henrique",,,,,,,,2
2,,,2,,1,,,,,," -28.9"," -24.5"," -30.2","Tiago Henrique",,,,,,,,2
3,,,2,,2,,,,,," -79",,,"Tiago Henrique",,,,,,,,2
4,,,2,,3,,,,,,0,2,0,"Tiago Henrique",,,,,,,,2
5,,,1,1,,17.4,19.1,17.4,54,,,,,"Tiago Henrique",,,,,,,,2
6,,,2,,1,,,,,5086," -26.6"," -24.5"," -30.0","Tiago Henrique",,,,,,,,2
7,,,2,,2,,,,,5170," -79.0",,,"Tiago Henrique",,,,,,,,2
8,,,2,,3,,,,,5257,0,2," -1","Tiago Henrique",,,,,,,,2
9,,,1,1,,17.5,19.1,17.4,53,,,,,"Tiago Henrique",,,,,,,,2
10,,,2,,1,,,,,5086," -24.9"," -24.9"," -23.1","Tiago Henrique",,,,,,,,2
11,,,2,,2,,,,,5170," -80",,,"Tiago Henrique",,,,,,,,2
12,,,2,,3,,,,,5257,1,3,0,"Tiago Henrique",,,,,,,,2
13,,,1,2,,21.2,22.5,21.0,,,,,,"Tiago Henrique",,,,,,,,2
14,,,1,1,,17.9,19.1,17.4,63,,,,,"Tiago Henrique",,,,,,,,2
15,,,1,2,,21.6,22.5,21.1,,,,,,"Tiago Henrique",,,,,,,,2
16,,,2,,1,,,,,5086," -26.5"," -23.1"," -27.7","Tiago Henrique",,,,,,,,2
17,,,2,,2,,,,,5170," -77",,,"Tiago Henrique",,,,,,,,2
18,,,2,,3,,,,,5257,1,1,0,"Tiago Henrique",,,,,,,,2
19,,,1,1,,19.5,22.6,19.4,62,,,,,"Tiago Henrique",,,,,,,,2
20,,,1,2,,22.1,24.6,21.8,,,,,,"Tiago Henrique",,,,,,,,2
21,,,2,,1,,,,,5086," -26.4"," -24.6"," -28.1","Tiago Henrique",,,,,,,,2
22,,,2,,2,,,,,5170," -76",,,"Tiago Henrique",,,,,,,,2
23,,,2,,3,,,,,5257,1,4,0,"Tiago Henrique",,,,,,,,2
24,,,1,1,,18.3,21.6,18.1,64,,,,,"Tiago Henrique",,,,,,,,2
25,,,1,2,,22.1,23.9,21.7,,,,,,"Tiago Henrique",,,,,,,,2
26,,,2,,1,,,,,5086," -25.5"," -23.0"," -27.7","Tiago Henrique",,,,,,,,2
27,,,2,,2,,,,,5170," -78",,,"Tiago Henrique",,,,,,,,2
28,,,2,,3,,,,,5257," -2",4," -2","Tiago Henrique",,,,,,,,2
29,,,1,1,,18.4,20.0,18.4,66,,,,,t,,,2024-06-27,,,,,2
30,,,1,2,,22.7,25.1,22.1,,,,,,"Tiago Henrique",,,2024-06-27,,,,,2
31,,,2,,1,,,,,5086," -24.2"," -23.0"," -28.1","Tiago Henrique",,,2024-06-27,,,,,2
32,,,2,,2,,,,,5170," -76.0",,,"Tiago Henrique",,,2024-06-27,,,,,2
33,,,2,,3,,,,,5257," -2",1," -2","Tiago Henrique",,,2024-06-27,,,,,2
34,,,1,1,,19.6,19.6,18.1,67,,,,,"Tiago Henrique",,,2024-06-28,,,,,2
35,,,1,2,,21.8,25.1,21.8,,,,,,"Tiago Henrique",,,2024-06-28,,,,,2
36,,,2,,1,,,,,5086," -24.6"," -23.0"," -28.1","Tiago Henrique",,,2024-06-28,,,,,2
37,,,2,,2,,,,,5170," -78",,,"Tiago Henrique",,,2024-06-28,,,,,2
38,,,2,,3,,,,,5257," -2",0," -2","Tiago Henrique",,,2024-06-28,,,,,2
39,,,1,1,,17.9,19.6,16.9,69,,,,,"Tiago Henrique",,,2024-07-01,,,,,2
40,,,1,2,,21.3,24.4,21.1,,,,,,"Tiago Henrique",,,2024-07-01,,,,,2
41,,,2,,1,,,,,5086," -25.2"," -23.0"," -27.9","Tiago Henrique",,,2024-07-01,,,,,2
42,,,2,,2,,,,,5170," -77",,,"Tiago Henrique",,,2024-07-01,,,,,2
43,,,2,,3,,,,,5257,0,1," -3","Tiago Henrique",,,2024-07-01,,,,,2
44,,,2,,1,,,,,5086," -25.3"," -22.9"," -27.6","Tiago Henrique",,,2024-07-02,,,,,2
45,,,1,2,,19.7,21.5,19.4,,,,,,"Tiago Henrique",,,2024-07-02,,,,,2
46,,,2,,2,,,,,5170," -78",,,"Tiago Henrique",,,2024-07-02,,,,,2
47,,,2,,3,,,,,5257," -3",2," -3","Tiago Henrique",,,2024-07-02,,,,,2
48,,,1,1,,18.1,18.1,15.9,66,,,,,"Tiago Henrique",,,2024-07-02,,,,,2
49,,,1,1,,17.1,18.3,16.6,67,,,,,"Tiago Henrique",,,2024-07-03,,,,,2
50,,,1,2,,20.4,21.1,19.5,,,,,,"Tiago Henrique",,,2024-07-03,,,,,2
51,,,2,,1,,,,,5086," -24.6"," -22.9"," -27.5","Tiago Henrique",,,2024-07-03,,,,,2
52,,,2,,2,,,,,5170," -78",,,"Tiago Henrique",,,2024-07-03,,,,,2
53,,,2,,3,,,,,5257,2,2," -1","Tiago Henrique",,,2024-07-03,,,,,2
54,,,1,1,,17.9,19.5,16.6,62,,,,,"Tiago Henrique",,,2024-07-04,,,,,2
55,,,1,2,,20.3,21.5,20.1,,,,,,"Tiago Henrique",,,2024-07-04,,,,,2
56,,,2,,1,,,,,5086," -27.1"," -22.9"," -27.6","Tiago Henrique",,,2024-07-04,,,,,2
57,,,2,,2,,,,,5170," -77",,,"Tiago Henrique",,,2024-07-04,,,,,2
58,,,2,,3,,,,,5257,2,6,2,"Tiago Henrique",,,2024-07-04,,,,,2
59,,,1,1,,17.4,18.9,17.4,57,,,,,"Tiago Henrique",,,2024-07-05,,,,,2
60,,,1,2,,20.5,21.4,20.1,,,,,,"Tiago Henrique",,,2024-07-05,,,,,2
61,,,2,,1,,,,,5086," -27.0"," -23.0"," -27.5","Tiago Henrique",,,2024-07-05,,,,,2
62,,,2,,2,,,,,5170," -77.0",,,"Tiago Henrique",,,2024-07-05,,,,,2
63,,,2,,3,,,,,5257,6,2,2,"Tiago Henrique",,,2024-07-05,,,,,2
64,,,1,1,,17.1,20.4,17.1,74,,,,,"Tiago Henrique",,,2024-07-10,,,,,2
65,,,1,2,,25.0,26.7,20.3,,,,,,"Tiago Henrique",,,2024-07-10,,,,,2
66,,,2,,1,,,,,5086," -24.0"," -22.9"," -28.5","Tiago Henrique",,,2024-07-10,,,,,2
67,,,2,,2,,,,,5170," -76",,,"Tiago Henrique",,,2024-07-10,,,,,2
68,,,2,,3,,,,,5257,4,6,2,"Tiago Henrique",,,2024-07-10,,,,,2
69,,,1,1,,17.4,18.6,17.1,72,,,,,"Tiago Henrique",,,2024-07-11,,,,,2
70,,,1,2,,25.5,26.9,23.7,,,,,,"Tiago Henrique",,,,,,,,2
71,,,2,,1,,,,,5086," -27.3"," -23.2"," -28.7","Tiago Henrique",,,2024-07-11,,,,,2
72,,,2,,2,,,,,5170," -79.0",,,"Tiago Henrique",,,2024-07-11,,,,,2
73,,,2,,3,,,,,5257,4.0,6.0,2.0,"Tiago Henrique",,,2024-07-11,,,,,2
74,,,1,1,,19.5,20.9,19.5,61,,,,,"Tiago Henrique",,,2024-08-01,,,,,2
75,,,2,,1,,,,,5086," -24.0"," -23.3"," -28.6","Tiago Henrique",,,2024-08-01,,,,,2
76,,,2,,2,,,,,5170," -78",,,"Tiago Henrique",,,2024-08-01,,,,,2
77,,,2,,3,,,,,5257,3,5,2,"Tiago Henrique",,,2024-08-01,,,,,2
78,,,1,1,,20.0,22.3,19.6,54,,,,,"Tiago Henrique",,,2024-08-05,,,,,2
79,,,2,,1,,,,,5086," -25.3"," -23.3"," -28.7","Tiago Henrique",,,2024-08-05,,,,,2
80,,,2,,2,,,,,5170," -79",,,"Tiago Henrique",,,2024-08-05,,,,,2
81,,,2,,3,,,,,5257,3,6,2,"Tiago Henrique",,,2024-08-05,,,,,2
82,,,1,1,,20.6,21.9,20.0,48,,,,,"Tiago Henrique",,,2024-08-06,,,,,2
83,,,2,,1,,,,,5086," -27.8"," -23.3"," -28.6","Tiago Henrique",,,2024-08-06,,,,,2
84,,,2,,2,,,,,5170," -79",,,"Tiago Henrique",,,2024-08-06,,,,,2
85,,,2,,3,,,,,5257,3,5,2,"Tiago Henrique",,,2024-08-06,,,,,2
86,,,1,1,,20.1,22.1,20.0,45,,,,,"Tiago Henrique",,,2024-08-07,,,,,2
87,,,2,,1,,,,,5086," -27.1"," -23.4"," -29","Tiago Henrique",,,2024-08-07,,,,,2
88,,,2,,2,,,,,5170," -78",,,"Tiago Henrique",,,2024-08-07,,,,,2
89,,,2,,3,,,,,5257,3,5,2,"Tiago Henrique",,,2024-08-07,,,,,2
90,,,2,,1,,,,,5086," -29.0"," -23.4"," -28.2","Tiago Henrique",,,2024-08-09,,,,,2
91,,,2,,2,,,,,5170," -79",,,"Tiago Henrique",,,2024-08-09,,,,,2
92,,,2,,3,,,,,5257,3,6,2,"Tiago Henrique",,,2024-08-09,,,,,2
93,,,1,1,,21.6,22.4,20.0,53,,,,,"Tiago Henrique",,,2024-08-09,,,,,2
94,,,1,1,,17.4,21.3,16.6,41,,,,,"Tiago Henrique",,,2024-08-13,,,,,2
95,,,2,,1,,,,,5086," -26.1"," -23.2"," -29.0","Tiago Henrique",,,2024-08-13,,,,,2
96,,,2,,2,,,,,5170," -77",,,"Tiago Henrique",,,2024-08-13,,,,,2
97,,,2,,3,,,,,5257,2,6,2,"Tiago Henrique",,,2024-08-13,,,,,2
98,,,1,1,,18.4,18.9,16.4,44,,,,,"Tiago Henrique",,,2024-08-15,,,,,2
99,,,2,,1,,,,,5086," -27.3"," -23.2"," -28.1","Tiago Henrique",,,2024-08-15,,,,,2
100,,,2,,2,,,,,5170," -78",,,"Tiago Henrique",,,2024-08-15,,,,,2
101,,,2,,3,,,,,5257,2,6,2,"Tiago Henrique",,,2024-08-15,,,,,2
102,,,1,1,,19.6,21.6,16.4,55,,,,,"Tiago Henrique",,,2024-08-16,,,,,2
103,,,2,,4,,,,,1006,,,,"Tiago Henrique",20.04,4.01,2024-08-16,,,,,2
104,,,2,,1,,,,,5086," -23.7"," -23.3"," -28.4","Tiago Henrique",,,2024-08-16,,,,,2
105,,,2,,2,,,,,5170," -79",,,"Tiago Henrique",,,2024-08-16,,,,,2
106,,,2,,3,,,,,5257,2,5,2,"Tiago Henrique",,,2024-08-16,,,,,2
107,,,1,1,,20.9,21.6,16.4,41,,,,,"Tiago Henrique",,,2024-08-19,,,,,2
108,,,2,,4,,,,,10006,,,,"Tiago Henrique",21.29,4.02,2024-08-19,,,,,2
109,,,2,,1,,,,,5086," -26.0"," -23.3"," -28.8","Tiago Henrique",,,2024-08-19,,,,,2
110,,,2,,2,,,,,5170," -77",,,"Tiago Henrique",,,2024-08-19,,,,,2
111,,,2,,3,,,,,5257,3.0,5.0,2.0,"Tiago Henrique",,,2024-08-19,,,,,2
112,,,1,1,,20.8,23.3,20.4,36,,,,,"Tiago Henrique",,,2024-08-22,,,,,2
113,,,2,,4,,,,,10006,,,,"Tiago Henrique",21.73,4.10,2024-08-22,,,,,2
114,,,2,,1,,,,,5086," -28.0"," -23.3"," -29.2","Tiago Henrique",,,2024-08-22,,,,,2
115,,,2,,2,,,,,5170," -77",,,"Tiago Henrique",,,2024-08-22,,,,,2
116,,,2,,3,,,,,5257,4,5,2,"Tiago Henrique",,,2024-08-22,,,,,2
117,,,2,,1,,,,,5086," -23.8"," -23.5"," -29.5","Tiago Henrique",,,2024-08-26,,,,,2
118,,,2,,2,,,,,5170," -77.0",,,"Tiago Henrique",,,2024-08-26,,,,,2
119,,,2,,3,,,,,5257,3.0,6.0,2.0,"Tiago Henrique",,,2024-08-26,,,,,2
120,,,1,1,,17.8,23.1,17.1,42,,,,,"Tiago Henrique",,,2024-08-27,,,,,2
121,,,2,,1,,,,,5086," -26.9"," -23.3"," -28.1","Tiago Henrique",,,2024-08-27,,,,,2
122,,,2,,2,,,,,5170," -78",,,"Tiago Henrique",,,2024-08-27,,,,,2
123,,,2,,3,,,,,5257,2.0,6.0,2.0,"Tiago Henrique",,,2024-08-27,,,,,2
124,,,2,,2,,,,,5170," -77",,,"Tiago Henrique",,,2024-08-28,,,,,2
125,,,2,,3,,,,,5257,2.0,4.0,2.0,"Tiago Henrique",,,2024-08-28,,,,,2
126,,,2,,1,,,,,5086," -27.1"," -23.3"," -28.1","Tiago Henrique",,,2024-08-28,,,,,2
127,,,1,1,,17.4,18.8,16.9,48,,,,,"Tiago Henrique",,,2024-08-28,,,,,2
128,,,1,1,,18.1,19.1,16.9,61,,,,,"Tiago Henrique",,,2024-08-29,,,,,2
129,,,2,,1,,,,,5086," -27.1"," -23.3"," -28.4","Tiago Henrique",,,2024-08-29,,,,,2
130,,,2,,2,,,,,5170," -77",,,"Tiago Henrique",,,2024-08-29,,,,,2
131,,,2,,3,,,,,5257,2.0,5.9,2.9,"Tiago Henrique",,,2024-08-29,,,,,2
132,,,1,1,,18.8,20.1,16.9,54,,,,,"Tiago Henrique",,,2024-08-30,,,,,2
133,,,2,,1,,,,,5086," -25.6"," -23.3"," -28.5","Tiago Henrique",,,2024-08-30,,,,,2
134,,,2,,2,,,,,5170," -76",,,"Tiago Henrique",,,2024-08-30,,,,,2
135,,,2,,3,,,,,5257,2.0,5.0,2.0,"Tiago Henrique",,,2024-08-30,,,,,2
136,,,1,1,,19.9,20.9,17.4,50,,,,,"Tiago Henrique",,,2024-09-02,,,,,2
137,,,2,,1,,,,,5086," -26.4"," -23.4"," -28.7","Tiago Henrique",,,2024-09-02,,,,,2
138,,,2,,2,,,,,5170," -76",,,"Tiago Henrique",,,2024-09-02,,,,,2
139,,,2,,3,,,,,5257,2.0,5.0,2.0,"Tiago Henrique",,,2024-09-02,,,,,2
140,,,1,1,,20.4,22.4,19.9,44,,,,,"Tiago Henrique",,,2024-09-03,,,,,2
141,,,2,,1,,,,,5086," -24.8"," -23.4"," -29.0","Tiago Henrique",,,2024-09-03,,,,,2
142,,,2,,2,,,,,5170," -78",,,"Tiago Henrique",,,2024-09-03,,,,,2
143,,,2,,3,,,,,5257,3.0,5.0,2.0,"Tiago Henrique",,,2024-09-03,,,,,2
144,,,1,1,,20.9,22.6,20.5,36,,,,,"Tiago Henrique",,,2024-09-04,,,,,2
145,,,2,,1,,,,,5086," -27.1"," -23.5"," -29.0","Tiago Henrique",,,2024-09-04,,,,,2
146,,,2,,2,,,,,5170," -78",,,"Tiago Henrique",,,2024-09-04,,,,,2
147,,,2,,3,,,,,5257,4.0,4.0,2.0,"Tiago Henrique",,,2024-09-04,,,,,2
148,,,1,1,,22.1,23.3,20.9,37,,,,,"Tiago Henrique",,,2024-09-05,,,,,2
149,,,2,,1,,,,,5086," -24.9"," -23.6"," -29.2","Tiago Henrique",,,2024-09-05,,,,,2
150,,,2,,2,,,,,5170," -78",,,"Tiago Henrique",,,2024-09-05,,,,,2
151,,,2,,3,,,,,5257,2.0,6.0,2.0,"Tiago Henrique",,,2024-09-05,,,,,2
152,,,1,1,,21.3,20.9,23.5,53,,,,,"Tiago Henrique",,,2024-09-06,,,,,2
153,,,2,,1,,,,,5086," -27.1"," -23.5"," -29.4","Tiago Henrique",,,2024-09-06,,,,,2
154,,,2,,2,,,,," -79",,,,"Tiago Henrique",,,2024-09-06,,,,,2
155,,,2,,3,,,,,5257,4,6,2,"Tiago Henrique",,,2024-09-06,,,,,2
156,,,1,1,,21.1,22.5,21.0,43,,,,,"Tiago Henrique",,,2024-09-09,,,,,2
157,,,2,,1,,,,,5086," -27.9"," -23.5"," -28.4","Tiago Henrique",,,2024-09-09,,,,,2
158,,,2,,2,,,,,5170," -77",,,"Tiago Henrique",,,2024-09-09,,,,,2
159,,,2,,3,,,,,5257,2,5,2,"Tiago Henrique",,,2024-09-09,,,,,2
160,,,2,,2,,,,,5170," -77",,,"Tiago Henrique",,,2024-09-10,,,,,2
161,,,2,,1,,,,,5086," -25.8"," -23.5"," -29.2","Tiago Henrique",,,2024-09-10,,,,,2
162,,,1,1,,20.9,23.4,20.6,39,,,,,"Tiago Henrique",,,2024-09-10,,,,,2
163,,,2,,3,,,,,5257,5,7,4,"Tiago Henrique",,,2024-09-10,,,,,2
164,,,1,1,,21.9,23.9,21.0,37,,,,,"Tiago Henrique",,,2024-09-12,,,,,2
165,,,2,,1,,,,,5086," -24.8"," -23.5"," -29.3","Tiago Henrique",,,2024-09-12,,,,,2
166,,,2,,2,,,,,5170," -77",,,"Tiago Henrique",,,2024-09-12,,,,,2
167,,,2,,3,,,,,5257,5,7,5,"Tiago Henrique",,,2024-09-12,,,,,2
168,,,1,1,,22.1,23.9,21.0,39,,,,,"Tiago Henrique",,,2024-09-13,,,,,2
169,,,2,,1,,,,,5086," -25.8",23.6," -29.3","Tiago Henrique",,,2024-09-13,,,,,2
170,,,2,,2,,,,,5170," -79",,,"Tiago Henrique",,,2024-09-13,,,,,2
171,,,2,,3,,,,,5257,5,8,4,"Tiago Henrique",,,2024-09-13,,,,,2
172,,,1,1,,20.9,23.6,20.5,61,,,,,"Tiago Henrique",,,2024-09-16,,,,,2
173,,,2,,1,,,,,5086," -27.7"," -23.5"," -29.1","Tiago Henrique",,,2024-09-16,,,,,2
174,,,2,,2,,,,,5170," -79",,,"Tiago Henrique",,,2024-09-16,,,,,2
175,,,2,,3,,,,,5257,5,8,5,"Tiago Henrique",,,2024-09-16,,,,,2
176,,,1,1,,19.6,23.1,19.1,67,,,,,"Tiago Henrique",,,2024-09-17,,,,,2
177,,,2,,1,,,,,5086," -27.5"," -23.4"," -28.5","Tiago Henrique",,,2024-09-17,,,,,2
178,,,2,,2,,,,,5170," -77",,,"Tiago Henrique",,,2024-09-17,,,,,2
179,,,2,,3,,,,,5257,4,8,4,"Tiago Henrique",,,2024-09-17,,,,,2
180,,,1,1,,19.6,23.6,19.5,62,,,,,"Tiago Henrique",,,2024-09-18,,,,,2
181,,,2,,1,,,,,5086," -26.5"," -23.4"," -28.7","Tiago Henrique",,,2024-09-18,,,,,2
182,,,2,,2,,,,,5170," -76",,,"Tiago Henrique",,,2024-09-18,,,,,2
183,,,2,,3,,,,,5257,4,6,4,"Tiago Henrique",,,2024-09-18,,,,,2
184,,,1,1,,20.4,23.6,19.5,63,,,,,"Tiago Henrique",,,2024-09-19,,,,,2
185,,,2,,1,,,,,5086," -26.6"," -23.4"," -28.9","Tiago Henrique",,,2024-09-19,,,,,2
186,,,2,,2,,,,,5170," -77",,,"Tiago Henrique",,,2024-09-19,,,,,2
187,,,2,,3,,,,,5257,5,7,4,"Tiago Henrique",,,2024-09-19,,,,,2
188,,,1,1,,21.1,22.9,20.4,51,,,,,"Tiago Henrique",,,2024-09-20,,,,,2
189,,,2,,1,,,,,5086," -27.8"," -23.4"," -29.3","Tiago Henrique",,,2024-09-20,,,,,2
190,,,2,,2,,,,,5170," -78",,,"Tiago Henrique",,,2024-09-20,,,,,2
191,,,2,,3,,,,,5257,5,7,5,"Tiago Henrique",,,2024-09-20,,,,,2
192,,,1,1,,22.9,23.4,20.4,53,,,,,"Tiago Henrique",,,2024-09-23,,,,,2
193,,,2,,1,,,,,5086," -27.5",23.5," -29.6","Tiago Henrique",,,2024-09-23,,,,,2
194,,,2,,2,,,,,5170," -79",,,"Tiago Henrique",,,2024-09-23,,,,,2
195,,,2,,3,,,,,5257,5,7,4,"Tiago Henrique",,,2024-09-23,,,,,2
196,,,1,1,,22.3,23.9,21.9,46,,,,,"Tiago Henrique",,,2024-09-24,,,,,2
197,,,2,,1,,,,,5086," -28.2"," -23.8"," -29.6","Tiago Henrique",,,2024-09-24,,,,,2
198,,,2,,2,,,,,5170," -77",,,"Tiago Henrique",,,2024-09-24,,,,,2
199,,,2,,3,,,,,5257,5,7,4,"Tiago Henrique",,,2024-09-24,,,,,2
200,,,1,1,,22.4,22.1,24.1,45,,,,,"Tiago Henrique",,,2024-09-25,,,,,2
201,,,2,,1,,,,,5086," -25.5"," -23.6"," -29.6","Tiago Henrique",,,2024-09-25,,,,,2
202,,,2,,2,,,,,5170," -78",,,"Tiago Henrique",,,2024-09-25,,,,,2
203,,,2,,3,,,,,5257,5,7,5,"Tiago Henrique",,,2024-09-25,,,,,2
204,,,1,1,,22.5,25.1,22.1,43,,,,,"Tiago Henrique",,,2024-09-26,,,,,2
205,,,2,,1,,,,,5086," -25.2"," -23.7"," -29.3","Tiago Henrique",,,2024-09-26,,,,,2
206,,,2,,2,,,,," -77",,,,"Tiago Henrique",,,2024-09-26,,,,,2
207,,,2,,3,,,,,5257,5,8,5,"Tiago Henrique",,,2024-09-26,,,,,2
208,,,1,1,,21.6,24.4,20.6,55,,,,,"Tiago Henrique",,,2024-09-30,,,,,2
209,,,2,,1,,,,,5086," -26.1"," -23.5"," -29.4","Tiago Henrique",,,2024-09-30,,,,,2
210,,,2,,2,,,,,5170," -77",,,"Tiago Henrique",,,2024-09-30,,,,,2
211,,,2,,3,,,,,5257,2,7,2,"Tiago Henrique",,,2024-09-30,,,,,2
212,,,1,1,,22.1,24.3,21.8,47,,,,,"Tiago Henrique",,,2024-10-01,,,,,2
213,,,2,,1,,,,,5086," -26.4"," -23.6"," -29.4","Tiago Henrique",,,2024-10-01,,,,,2
214,,,2,,2,,,,,5170," -76",,,"Tiago Henrique",,,2024-10-01,,,,,2
215,,,2,,3,,,,,5257,2,5,2,"Tiago Henrique",,,2024-10-01,,,,,2
216,,,1,1,,22.4,24.4,22.0,42,,,,,"Tiago Henrique",,,2024-10-02,,,,,2
217,,,2,,1,,,,,5086," -27.8"," -23.7"," -29.4","Tiago Henrique",,,2024-10-02,,,,,2
218,,,2,,2,,,,,5170," -79",,,"Tiago Henrique",,,2024-10-02,,,,,2
219,,,2,,3,,,,,5257,3,5,2,"Tiago Henrique",,,2024-10-02,,,,,2
220,,,1,1,,26.9,26.9,22.4,49,,,,,"Tiago Henrique",,,2024-10-03,,,,,2
221,,,2,,1,,,,,5086," -29.0"," -23.8"," -29.2","Tiago Henrique",,,2024-10-03,,,,,2
222,,,2,,2,,,,,5170," -79",,,"Tiago Henrique",,,2024-10-03,,,,,2
223,,,2,,3,,,,,5257,3,5,2,"Tiago Henrique",,,2024-10-03,,,,,2
224,,,1,1,,22.3,27.3,21.2,54,,,,,"Tiago Henrique",,,2024-10-04,,,,,2
225,,,2,,1,,,,,5086," -27.7",27.4," -23.8","Tiago Henrique",,,2024-10-04,,,,,2
226,,,2,,,,,,,5170," -77",,,"Tiago Henrique",,,2024-10-04,,,,,2
227,,,2,,3,,,,,5257,2,5,2,"Tiago Henrique",,,2024-10-04,,,,,2
228,,,1,1,,22.9,24.5,21.9,52,,,,,"Tiago Henrique",,,2024-10-09,,,,,2
229,,,2,,1,,,,,5086," -24.1"," -23.6"," -29.6","Tiago Henrique",,,2024-10-09,,,,,2
230,,,2,,2,,,,,5170," -79",,,"Tiago Henrique",,,2024-10-09,,,,,2
231,,,2,,3,,,,,5257,3,5,2,"Tiago Henrique",,,2024-10-09,,,,,2
232,,,1,1,,21.9,25.4,21.9,63,,,,,"Tiago Henrique",,,2024-10-10,,,,,2
233,,,2,,1,,,,,5086," -24.9"," -23.7"," -29.4","Tiago Henrique",,,2024-10-10,,,,,2
234,,,2,,2,,,,,5170," -77",,,"Tiago Henrique",,,2024-10-10,,,,,2
235,,,2,,3,,,,,5257,2,5,2,"Tiago Henrique",,,2024-10-10,,,,,2
236,,,1,1,,24.6,24.8,23.1,55,,,,,"Tiago Henrique",,,2024-10-11,,,,,2
237,,,2,,1,,,,,5086," -27.9"," -23.5"," -28.9","Tiago Henrique",,,2024-10-11,,,,,2
238,,,2,,2,,,,,5170," -76",,,"Tiago Henrique",,,2024-10-11,,,,,2
239,,,2,,3,,,,,5257,2,4,2,"Tiago Henrique",,,2024-10-11,,,,,2
240,,,1,1,,20.9,25.1,20.5,65,,,,,"Tiago Henrique",,,2024-10-14,,,,,2
241,,,2,,4,,,,,10006,,,,,20.73,4.03,2024-10-14,,,,,2
242,,,2,,1,,,,,5086," -25.7"," -23.5"," -29.2","Tiago Henrique",,,2024-10-14,,,,,2
243,,,2,,2,,,,,5170," -78",,,"Tiago Henrique",,,2024-10-14,,,,,2
244,,,2,,3,,,,,5257,3,5,2,"Tiago Henrique",,,2024-10-14,,,,,2
245,,,1,1,,23.1,25.1,20.9,61,,,,,"Tiago Henrique",,,2024-10-15,,,,,2
246,,,2,,4,,,,,10006,,,,,22.16,5.87,2024-10-15,,,,,2
247,,,2,,1,,,,,5086," -27.1"," -23.5"," -29.1","Tiago Henrique",,,2024-10-15,,,,,2
248,,,2,,2,,,,,5170," -76",,,"Tiago Henrique",,,2024-10-15,,,,,2
249,,,2,,3,,,,,5257,2,5,2,"Tiago Henrique",,,2024-10-15,,,,,2
250,,,2,,4,,,,,10006,,,,,21.5,4.08,2024-10-16,,,,,2
251,,,1,1,,22.1,25.1,20.8,63,,,,,"Tiago Henrique",,,2024-10-16,,,,,2
252,,,2,,1,,,,,5086," -25.4"," -23.5"," -29.2","Tiago Henrique",,,2024-10-16,,,,,2
253,,,2,,2,,,,,5170," -77",,,"Tiago Henrique",,,2024-10-16,,,,,2
254,,,2,,3,,,,,5257,2,5,2,"Tiago Henrique",,,2024-10-16,,,,,2
255,,,1,1,,22.3,24.6,21.9,62,,,,,"Tiago Henrique",,,2024-10-17,,,,,2
256,,,2,,4,,,,,10006,,,,"Tiago Henrique",21.74,4.21,2024-10-17,,,,,2
257,,,2,,1,,,,,5086," -28.9"," -23.4"," -29.4","Tiago Henrique",,,2024-10-17,,,,,2
258,,,2,,2,,,,,5170," -76",,,"Tiago Henrique",,,2024-10-17,,,,,2
259,,,2,,3,,,,,5257,2,5,2,"Tiago Henrique",,,2024-10-17,,,,,2
260,,,2,,4,,,,,10006,,,,,21.53,4.51,2024-10-18,,,,,2
261,,,1,1,,23.4,25.1,21.9,61,,,,,"Tiago Henrique",,,2024-10-18,,,,,2
262,,,2,,1,,,,,5086," -29.1"," -23.7"," -29.8","Tiago Henrique",,,2024-10-18,,,,,2
263,,,2,,2,,,,,5170," -79",,,"Tiago Henrique",,,2024-10-18,,,,,2
264,,,2,,3,,,,,5257,2,3,2,"Tiago Henrique",,,2024-10-18,,,,,2
265,,,1,1,,21.1,25.1,19.6,70,,,,,"Tiago Henrique",,,2024-10-23,,,,,2
266,,,2,,4,,,,,10006,,,,,20.54,4.06,2024-10-23,,,,,2
267,,,1,2,,21.8,29.3,18.9,,,,,,"Tiago Henrique",,,2024-10-23,,,,,2
268,,,2,,1,,,,,5086," -27.6"," -27.5"," -27.6","Tiago Henrique",,,2024-10-23,,,,,2
269,,,2,,2,,,,,5170," -79",,,"Tiago Henrique",,,2024-10-23,,,,,2
270,,,2,,3,,,,,5257,2,5,2,"Tiago Henrique",,,2024-10-23,,,,,2
271,,,1,1,,21.4,25.1,19.6,70,,,,,"Tiago Henrique",,,2024-10-24,,,,,2
272,,,2,,4,,,,,,,,,"Tiago Henrique",20.88,4.09,2024-10-24,,,,,2
273,,,2,,1,,,,,5086," -24.5"," -23.1"," -28.8","Tiago Henrique",,,2024-10-24,,,,,2
274,,,2,,2,,,,,5170," -76",,,"Tiago Henrique",,,2024-10-24,,,,,2
275,,,2,,3,,,,,5257,2,3,2,"Tiago Henrique",,,2024-10-24,,,,,2
276,,,1,1,,23.4,24.3,20.6,70,,,,,"Tiago Henrique",,,2024-10-29,,,,,2
277,,,1,1,,21.4,24.1,21.4,63,,,,,"Tiago Henrique",,,2024-10-30,,,,,2
278,,,2,,4,,,,,10006,,,,"Tiago Henrique",20.78,4.21,2024-10-30,,,,,2
279,,,2,,1,,,,,5086," -24.2"," -14.9"," -28.2","Tiago Henrique",,,2024-10-30,,,,,2
280,,,2,,2,,,,,5170," -79",,,"Tiago Henrique",,,2024-10-30,,,,,2
281,,,2,,3,,,,,5257,2,10,2,"Tiago Henrique",,,2024-10-30,,,,,2
282,,,1,1,,21.5,24.1,21.1,62,,,,,"Tiago Henrique",,,2024-10-31,,,,,2
283,,,2,,4,,,,,10006,,,,,21.02,4.21,2024-10-31,,,,,2
284,,,2,,1,,,,,5086," -25.8"," -14.9"," -14.9"," -28.3",,,2024-10-31,,,,,2
285,,,2,,2,,,,,5170," -77",,,"Tiago Henrique",,,2024-10-31,,,,,2
286,,,2,,3,,,,,5257,2,4,2,"Tiago Henrique",,,2024-10-31,,,,,2
287,,,1,1,,21.5,24.1,21.1,62,,,,,"Tiago Henrique",,,2024-11-01,,,,,2
288,,,2,,4,,,,,10006,,,,,21.07,4.21,2024-11-01,,,,,2
289,,,2,,1,,,,,5086," -25.3"," -23.1"," -28.4","Tiago Henrique",,,2024-11-01,,,,,2
290,,,2,,2,,,,,5170," -77",,,"Tiago Henrique",,,2024-11-01,,,,,2
291,,,2,,3,,,,,5257,2,3,2,"Tiago Henrique",,,2024-11-01,,,,,2
292,,,1,1,,19.4,23.6,19.4,75,,,,,"Tiago Henrique",,,2024-11-04,,,,,2
293,,,2,,4,,,,,10006,,,,"Tiago Henrique",19.64,4.03,2024-11-04,,,,,2
294,,,2,,1,,,,,5086," -27.3"," -23.1"," -28.3","Tiago Henrique",,,2024-11-04,,,,,2
295,,,2,,2,,,,,5170," -78",,,"Tiago Henrique",,,2024-11-04,,,,,2
296,,,2,,3,,,,,5257,2,4,2,"Tiago Henrique",,,2024-11-04,,,,,2
297,,,2,,1,,,,,5086," -25.9"," -23.1"," -28.3","Tiago Henrique",,,2024-11-07,,,,,2
298,,,2,,2,,,,,5170," -79",,,"Tiago Henrique",,,2024-11-07,,,,,2
299,,,2,,3,,,,,5257,2,4,2,"Tiago Henrique",,,2024-11-07,,,,,2
300,,,1,1,,19.9,23.6,18.6,73,,,,,"Tiago Henrique",,,2024-11-07,,,,,2
301,,,2,,4,,,,,10006,,,,"Tiago Henrique",22.64,4.91,2024-11-07,,,,,2
302,,,1,1,,20.9,22.6,20.6,68,,,,,"Tiago Henrique",,,2024-11-08,,,,,2
303,,,2,,4,,,,,10006,,,,"Tiago Henrique",20.94,4.34,2024-11-08,,,,,2
304,,,2,,1,,,,,5086," -25.3"," -23.2"," -28.4","Tiago Henrique",,,2024-11-08,,,,,2
305,,,2,,3,,,,,5257,2,6,2,"Tiago Henrique",,,2024-11-08,,,,,2
306,,,2,,2,,,,,5170," -79",,,"Tiago Henrique",,,2024-11-08,,,,,2
307,,"2024-11-11 07:48:08",1,1,,21.1,22.6,20.4,62,,,,,"Tiago Henrique",,,2024-11-11,,,,,2
308,,"2024-11-11 07:48:34",2,,4,,,,,10006,,,,"Tiago Henrique",21.25,4.29,2024-11-11,,,,,2
309,,"2024-11-11 07:49:32",2,,1,,,,,5086," -24.1"," -23.0"," -28.3","Tiago Henrique",,,2024-11-11,,,,,2
310,,"2024-11-11 07:49:54",2,,2,,,,,5170," -76",,,"Tiago Henrique",,,2024-11-11,,,,,2
311,,"2024-11-11 07:50:28",2,,3,,,,,5257,4,6,2,"Tiago Henrique",,,,,,,,2
312,,"2024-11-12 09:08:45",2,,2,,,,,5170," -77",,,"Tiago Henrique",,,2024-11-12,,,,,2
313,,"2024-11-12 09:09:27",2,,3,,,,,5257,5,7,4,"Tiago Henrique",,,2024-11-12,,,,,2
314,,"2024-11-12 09:10:04",2,,1,,,,,5086," -27.7"," -23.1"," -28.1","Tiago Henrique",,,2024-11-12,,,,,2
315,,"2024-11-12 09:10:48",2,,4,,,,,10006,,,,"Tiago Henrique",21.72,4.40,2024-11-12,,,,,2
316,,"2024-11-12 09:11:20",1,1,,21.4,23.8,20.4,58,,,,,"Tiago Henrique",,,2024-11-12,,,,,2
317,,"2024-11-13 08:07:30",1,1,,21.1,23.0,21.0,65,,,,,"Tiago Henrique",,,2024-11-13,,,,,2
318,,"2024-11-13 08:07:52",2,,4,,,,,10006,,,,"Tiago Henrique",21.07,4.36,2024-11-13,,,,,2
319,,"2024-11-13 08:08:40",2,,1,,,,,5086," -23.9"," -23.1"," -28.1","Tiago Henrique",,,2024-11-13,,,,,2
320,,"2024-11-13 08:09:27",2,,2,,,,,5170," -78",,,"Tiago Henrique",,,2024-11-13,,,,,2
321,,"2024-11-13 08:10:01",2,,3,,,,,5257,2,6,2,"Tiago Henrique",,,2024-11-13,,,,,2
322,,"2024-11-18 08:05:24",1,1,,20.6,23.0,18.5,65,,,,,"Tiago Henrique",,,2024-11-18,,,,,2
323,,"2024-11-18 08:05:52",2,,4,,,,,10006,,,,"Tiago Henrique",20.92,4.27,2024-11-18,,,,,2
324,,"2024-11-18 08:06:45",2,,1,,,,,5086," -28.2"," -24.3"," -23.9","Tiago Henrique",,,2024-11-18,,,,,2
325,,"2024-11-18 08:07:08",2,,2,,,,,5170," -79",,,"Tiago Henrique",,,2024-11-18,,,,,2
326,,"2024-11-18 08:07:34",2,,3,,,,,5257,2,4,2,"Tiago Henrique",,,2024-11-18,,,,,2
327,,"2024-11-19 07:48:47",1,1,,21.6,23.6,21.1,61,,,,,"Tiago Henrique",,,2024-11-19,,,,,2
328,,"2024-11-19 07:49:51",2,,4,,,,,10006,,,,"Tiago Henrique",21.22,4.29,2024-11-19,,,,,2
329,,"2024-11-19 07:51:01",2,,1,,,,,5086," -23.8"," -23.1"," -28.1","Tiago Henrique",,,2024-11-19,,,,,2
330,,"2024-11-19 07:51:27",2,,2,,,,,5170," -77",,,"Tiago Henrique",,,2024-11-19,,,,,2
331,,"2024-11-19 07:52:00",2,,3,,,,,5257,2,4,2,"Tiago Henrique",,,2024-11-19,,,,,2
332,,"2024-11-25 07:50:28",1,1,,20.6,24.1,19.9,60,,,,,"Tiago Henrique",,,2024-11-25,,,,,2
333,,"2024-11-25 07:50:53",2,,4,,,,,10006,,,,"Tiago Henrique",20.88,4.23,2024-11-25,,,,,2
334,,"2024-11-25 07:51:50",2,,1,,,,,5086," -25.6"," -23.0"," -28.2","Tiago Henrique",,,2024-11-25,,,,,2
335,,"2024-11-25 07:52:11",2,,2,,,,,5170," -78",,,"Tiago Henrique",,,2024-11-25,,,,,2
336,,"2024-11-25 07:52:41",2,,3,,,,,5257,2,4,2,"Tiago Henrique",,,2024-11-25,,,,,2
337,,"2024-11-26 07:46:57",1,1,,20.9,23.4,20.4,57,,,,,"Tiago Henrique",,,2024-11-26,,,,,2
338,,"2024-11-26 07:47:19",2,,4,,,,,10006,,,,"Tiago Henrique",21.18,4.38,2024-11-26,,,,,2
339,,"2024-11-26 07:48:09",2,,1,,,,,5086," -25.6"," -22.9"," -28.1","Tiago Henrique",,,2024-11-26,,,,,2
340,,"2024-11-26 07:48:27",2,,2,,,,,5170," -77",,,"Tiago Henrique",,,2024-11-26,,,,,2
341,,"2024-11-26 07:48:50",2,,3,,,,,5257,2,4,2,"Tiago Henrique",,,2024-11-26,,,,,2
342,,"2024-11-27 07:52:01",1,1,,21.9,23.9,20.9,57,,,,,"Tiago Henrique",,,2024-11-27,,,,,2
343,,"2024-11-27 07:52:26",2,,4,,,,,10006,,,,"Tiago Henrique",22.11,4.55,2024-11-27,,,,,2
344,,"2024-11-27 07:53:21",2,,1,,,,,5086," -25.4"," -23.1"," -28.1","Tiago Henrique",,,2024-11-27,,,,,2
345,,"2024-11-27 07:53:46",2,,2,,,,,5170," -77",,,"Tiago Henrique",,,2024-11-27,,,,,2
346,,"2024-11-27 07:54:15",2,,3,,,,,5257,2,3,2,"Tiago Henrique",,,2024-11-27,,,,,2
347,,"2024-11-28 07:42:32",1,1,,22.5,24.0,21.9,61,,,,,"Tiago Henrique",,,2024-11-28,,,,,2
348,,"2024-11-28 07:43:03",2,,4,,,,,10006,,,,"Tiago Henrique",22.52,4.95,2024-11-28,,,,,2
349,,"2024-11-28 07:43:50",2,,1,,,,,5086," -24.0"," -23.1"," -28.2","Tiago Henrique",,,2024-11-28,,,,,2
350,,"2024-11-28 07:44:08",2,,2,,,,,5170," -77",,,"Tiago Henrique",,,2024-11-28,,,,,2
351,,"2024-11-28 07:44:39",2,,3,,,,,5257,2,4,2,"Tiago Henrique",,,2024-11-28,,,,,2
352,,"2024-11-29 07:48:55",1,1,,20.5,24.0,20.4,67,,,,,"Tiago Henrique",,,2024-11-29,,,,,2
353,,"2024-11-29 07:49:18",2,,4,,,,,10006,,,,"Tiago Henrique",20.90,4.36,2024-11-29,,,,,2
354,,"2024-11-29 07:50:10",2,,1,,,,,5086," -23.7"," -23.1"," -28.1","Tiago Henrique",,,2024-11-29,,,,,2
355,,"2024-11-29 07:50:27",2,,2,,,,,5170," -79",,,"Tiago Henrique",,,2024-11-29,,,,,2
356,,"2024-11-29 07:50:57",2,,3,,,,,5257,2,3,2,"Tiago Henrique",,,2024-11-29,,,,,2
357,,"2024-12-02 07:45:11",1,1,,21.1,21.9,19.9,66,,,,,"Tiago Henrique",,,2024-12-02,,,,,2
358,,"2024-12-02 07:45:37",2,,4,,,,,10006,,,,"Tiago Henrique",21.51,4.57,2024-12-02,,,,,2
359,,"2024-12-02 07:46:46",2,,1,,,,,5086," -25.6"," -23.0"," -28.2","Tiago Henrique",,,2024-12-02,,,,,2
360,,"2024-12-02 07:47:32",2,,2,,,,,5170," -77",,,"Tiago Henrique",,,2024-12-02,,,,,2
361,,"2024-12-02 07:48:00",2,,3,,,,,5257,2,4,2,"Tiago Henrique",,,2024-12-02,,,,,2
362,,"2024-12-03 07:56:01",1,1,,20.6,23.8,19.9,68,,,,,"Tiago Henrique",,,2024-12-03,,,,,2
363,,"2024-12-03 07:56:55",2,,4,,,,,10006,,,,"Tiago Henrique",21.35,4.45,2024-12-03,,,,,2
364,,"2024-12-03 07:58:03",2,,1,,,,,5086," -26.8"," -23.1"," -28.3","Tiago Henrique",,,2024-12-03,,,,,2
365,,"2024-12-03 07:58:25",2,,2,,,,,5170," -78",,,"Tiago Henrique",,,2024-12-03,,,,,2
366,,"2024-12-03 07:58:56",2,,3,,,,,5257,2,4,2,"Tiago Henrique",,,2024-12-03,,,,,2
367,,"2024-12-04 07:52:33",1,1,,20.9,22.5,20.9,70,,,,,"Tiago Henrique",,,2024-12-04,,,,,2
368,,"2024-12-04 07:52:55",2,,4,,,,,10006,,,,"Tiago Henrique",21.20,4.53,2024-12-04,,,,,2
369,,"2024-12-04 07:53:50",2,,1,,,,,5086," -26.9"," -23.0"," -28.3","Tiago Henrique",,,2024-12-04,,,,,2
370,,"2024-12-04 07:54:06",2,,2,,,,,5170," -79",,,"Tiago Henrique",,,2024-12-04,,,,,2
371,,"2024-12-04 07:54:33",2,,3,,,,,5257,2,4,2,"Tiago Henrique",,,2024-12-04,,,,,2
372,,"2024-12-05 07:54:39",1,1,,20.4,22.9,20.1,68,,,,,"Tiago Henrique",,,2024-12-05,,,,,2
373,,"2024-12-05 07:55:06",2,,4,,,,,10006,,,,"Tiago Henrique",20.59,4.42,2024-12-05,,,,,2
374,,"2024-12-05 07:56:12",2,,1,,,,,5086," -27.1"," -23.0"," -28.1","Tiago Henrique",,,2024-12-05,,,,,2
375,,"2024-12-05 07:56:31",2,,2,,,,,5170," -76",,,"Tiago Henrique",,,2024-12-05,,,,,2
376,,"2024-12-05 07:57:04",2,,3,,,,,5257,2,4,2,"Tiago Henrique",,,2024-12-05,,,,,2
377,,"2024-12-06 07:44:34",1,1,,20.4,22.1,20.0,65,,,,,"Tiago Henrique",,,2024-12-06,,,,,2
378,,"2024-12-06 07:44:56",2,,4,,,,,10006,,,,"Tiago Henrique",20.55,4.44,2024-12-06,,,,,2
379,,"2024-12-06 07:46:02",2,,1,,,,,5086," -23.5"," -23.0"," -28.3","Tiago Henrique",,,2024-12-06,,,,,2
380,,"2024-12-06 07:46:21",2,,2,,,,,5170," -77",,,"Tiago Henrique",,,2024-12-06,,,,,2
381,,"2024-12-06 07:47:01",2,,3,,,,,5257,4,6,2,"Tiago Henrique",,,2024-12-06,,,,,2
382,,"2024-12-10 07:56:19",1,1,,20.9,23.6,20.0,67,,,,,"Tiago Henrique",,,2024-12-10,,,,,2
383,,"2024-12-10 07:56:49",2,,4,,,,,10006,,,,"Tiago Henrique",21.02,4.58,2024-12-10,,,,,2
384,,"2024-12-10 07:58:05",2,,1,,,,,5086," -23.9"," -23.1"," -28?4","Tiago Henrique",,,2024-12-10,,,,,2
385,,"2024-12-10 07:58:51",2,,2,,,,,5170," -77",,,"Tiago Henrique",,,2024-12-10,,,,,2
386,,"2024-12-10 07:59:33",2,,3,,,,,5257,4,7,3,"Tiago Henrique",,,2024-12-10,,,,,2
387,,"2024-12-11 07:44:06",1,1,,20.6,23.6,20.6,65,,,,,"Tiago Henrique",,,2024-12-11,,,,,2
388,,"2024-12-11 07:44:34",2,,4,,,,,10006,,,,"Tiago Henrique",20.81,4.57,2024-12-11,,,,,2
389,,"2024-12-11 07:45:29",2,,1,,,,,5086," -24.0"," -23.2"," -28.3","Tiago Henrique",,,2024-12-11,,,,,2
390,,"2024-12-11 07:45:45",2,,2,,,,,5170," -77",,,"Tiago Henrique",,,2024-12-11,,,,,2
391,,"2024-12-11 07:46:26",2,,3,,,,,5257,5,5,3,"Tiago Henrique",,,2024-12-11,,,,,2
392,,"2024-12-12 07:52:49",1,1,,20.9,23.4,20.4,62,,,,,"Tiago Henrique",,,2024-12-12,,,,,2
393,,"2024-12-12 07:53:46",2,,1,,,,,5086," -26.7"," -23.1"," -28.2","Tiago Henrique",,,2024-12-12,,,,,2
394,,"2024-12-12 07:54:11",2,,2,,,,,5170," -77",,,"Tiago Henrique",,,2024-12-12,,,,,2
395,,"2024-12-12 07:54:45",2,,3,,,,,5257,4,6,2,"Tiago Henrique",,,2024-12-12,,,,,2
396,,,1,1,,20.6,24.6,18.4,65,,,,,"Tiago Henrique",,,2025-01-21,,,,,2
397,,,2,,4,,,,,10006,,,,"Tiago Henrique",20.77,4.40,2025-01-21,,,,,2
398,,,2,,1,,,,,5086," -29.7"," -21.4"," -31.3","Tiago Henrique",,,2025-01-21,,,,,2
399,,,2,,2,,,,,5170," -78",,,"Tiago Henrique",,,2025-01-21,,,,,2
400,,,2,,3,,,,,5257,4,7,2,"Tiago Henrique",,,2025-01-21,,,,,2
401,,,1,1,,21.5,23.9,20.8,61,,,,,"Tiago Henrique",,,2025-01-22,,,,,2
402,,,2,,4,,,,,10006,,,,"Tiago Henrique",21.52,5.12,2025-01-22,,,,,2
403,,,2,,1,,,,,5086," -22.7"," -21.5"," -30.9","Tiago Henrique",,,2025-01-22,,,,,2
404,,,2,,2,,,,,5170," -79",,,"Tiago Henrique",,,2025-01-22,,,,,2
405,,,2,,3,,,,,5257,5,5,3,,,,2025-01-22,,,,,2
406,,,1,1,,21.9,24.9,20.8,63,,,,,"Tiago Henrique",,,2025-01-23,,,,,2
407,,,2,,4,,,,,10006,,,,"Tiago Henrique",21.47,5.47,2025-01-23,,,,,2
408,,,2,,1,,,,,5086," -29.8"," -21.6"," -30.9","Tiago Henrique",,,2025-01-23,,,,,2
409,,,2,,2,,,,,5170," -76",,,"Tiago Henrique",,,2025-01-23,,,,,2
410,,,2,,3,,,,,5257,5,7,2,"Tiago Henrique",,,2025-01-23,,,,,2
411,,,1,1,,20.4,24.6,20.4,65,,,,,"Tiago Henrique",,,2025-01-24,,,,,2
412,,,2,,1,,,,,5086," -30.3"," -21.5"," -30.7","Tiago Henrique",,,2025-01-24,,,,,2
413,,,2,,2,,,,,5170," -77",,,"Tiago Henrique",,,2025-01-24,,,,,2
414,,,2,,3,,,,,5257,3,6,3,"Tiago Henrique",,,2025-01-24,,,,,2
415,,,1,1,,20.6,22.5,20.4,68,,,,,"Tiago Henrique",,,2025-01-27,,,,,2
416,,,2,,4,,,,,10006,,,,"Tiago Henrique",20.66,4.40,2025-01-27,,,,,2
417,,,2,,1,,,,,5086," -30.8"," -25.2"," -21.5","Tiago Henrique",,,2025-01-27,,,,,2
418,,,2,,2,,,,,5170," -78.0",,,"Tiago Henrique",,,2025-01-27,,,,,2
419,,,2,,3,,,,,5257,5,6,2,"Tiago Henrique",,,2025-01-27,,,,,2
420,,,1,1,,20.1,22.5,20.1,61,,,,,"Tiago Henrique",,,2025-01-28,,,,,2
421,,,2,,4,,,,,10006,,,,"Tiago Henrique",21.60,4.58,2025-01-28,,,,,2
422,,,2,,1,,,,,5086," -28.9"," -22.5"," -30.7","Tiago Henrique",,,2025-01-28,,,,,2
423,,,2,,2,,,,,5170," -77",,,"Tiago Henrique",,,2025-01-28,,,,,2
424,,,2,,3,,,,,5257,4,8,4,"Tiago Henrique",,,2025-01-28,,,,,2
425,,,1,1,,20.6,22.9,20.0,68,,,,,"Tiago Henrique",,,2025-01-29,,,,,2
426,,,2,,1,,,,,5086," -30.3"," -21.5"," -30.8","Tiago Henrique",,,2025-01-29,,,,,2
427,,,2,,2,,,,,5170," -77",,,"Tiago Henrique",,,2025-01-29,,,,,2
428,,,2,,3,,,,,5257,2,6,2,"Tiago Henrique",,,2025-01-29,,,,,2
429,,,2,,4,,,,,10006,,,,"Tiago Henrique",21.31,5.67,2025-01-29,,,,,2
430,,,1,1,,20.9,23.4,20.8,67,,,,,"Tiago Henrique",,,2025-01-30,,,,,2
431,,,2,,4,,,,,10006,,,,"Tiago Henrique",21.01,4.53,2025-01-30,,,,,2
432,,,2,,1,,,,,5086," -29.0"," -21.6"," -30.7","Tiago Henrique",,,2025-01-30,,,,,2
433,,,2,,2,,,,,5170," -79",,,"Tiago Henrique",,,2025-01-30,,,,,2
434,,,2,,3,,,,,5257,3,7,2,"Tiago Henrique",,,2025-01-30,,,,,2
435,,,1,1,,20.4,23.4,20.4,67,,,,,"Tiago Henrique",,,2025-01-31,,,,,2
436,,,2,,4,,,,,10006,,,,"Tiago Henrique",20.46,4.41,2025-01-31,,,,,2
437,,,2,,1,,,,,5086," -25.0"," -21.6"," -30.8","Tiago Henrique",,,2025-01-31,,,,,2
438,,,2,,2,,,,,5170," -77",,,"Tiago Henrique",,,2025-01-31,,,,,2
439,,,2,,3,,,,,5257,5,5,2,"Tiago Henrique",,,2025-01-31,,,,,2
440,,,1,1,,19.8,22.6,19.6,77,,,,,"Tiago Henrique",,,2025-02-03,,,,,2
441,,,2,,1,,,,,5086," -29.6"," -21.6"," -30.58","Tiago Henrique",,,2025-02-03,,,,,2
442,,,2,,2,,,,,5170," -78",,,"Tiago Henrique",,,2025-02-03,,,,,2
443,,,2,,3,,,,,5257,3,6,3,"Tiago Henrique",,,2025-02-03,,,,,2
444,,,2,,4,,,,,10006,,,,"Tiago Henrique",20.54,4.66,2025-02-03,,,,,2
445,,,1,1,,19.4,22.6,19.3,76,,,,,"Tiago Henrique",,,2025-02-04,,,,,2
446,,,2,,4,,,,,10006,,,,"Tiago Henrique",19.64,4.41,2025-02-04,,,,,2
447,,,2,,1,,,,,5086," -30.8"," -27.9"," -22.5","Tiago Henrique",,,2025-02-04,,,,,2
448,,,2,,2,,,,,5170," -79",,,"Tiago Henrique",,,2025-02-04,,,,,2
449,,,2,,3,,,,,5257,3,6,2,"Tiago Henrique",,,2025-02-04,,,,,2
450,,,1,1,,19.6,21.4,19.4,74,,,,,"Tiago Henrique",,,2025-02-05,,,,,2
451,,,2,,4,,,,,10006,,,,"Tiago Henrique",21.56,4.56,2025-02-05,,,,,2
452,,,2,,1,,,,,5086," -22.0"," -21.6"," -30.8","Tiago Henrique",,,2025-02-05,,,,,2
453,,,2,,2,,,,,5170," -77",,,"Tiago Henrique",,,2025-02-05,,,,,2
454,,,2,,3,,,,,5257,3,6,3,"Tiago Henrique",,,2025-02-05,,,,,2
455,,,1,1,,19.6,19.4,21.4,75,,,,,"Tiago Henrique",,,2025-02-06,,,,,2
456,,,2,,1,,,,,5086," -25.0"," -21.6"," -30.7","Tiago Henrique",,,2025-02-06,,,,,2
457,,,2,,2,,,,,5170," -78",,,"Tiago Henrique",,,2025-02-06,,,,,2
458,,,2,,3,,,,,5257,3,6,2,"Tiago Henrique",,,2025-02-06,,,,,2
459,,,1,1,,19.9,22.0,19.6,77,,,,,"Tiago Henrique",,,2025-02-07,,,,,2
460,,,2,,4,,,,,10006,,,,"Tiago Henrique",20.28,4.55,2025-02-07,,,,,2
461,,,2,,1,,,,,5086," -29.9"," -22.5"," -30.7","Tiago Henrique",,,2025-02-07,,,,,2
462,,,2,,2,,,,,5257," -79",,,"Tiago Henrique",,,2025-02-07,,,,,2
463,,,2,,3,,,,,5257,5,6,2,"Tiago Henrique",,,2025-02-07,,,,,2
464,,,1,1,,20.4,22.1,19.3,66,,,,,"Tiago Henrique",,,2025-02-10,,,,,2
465,,,2,,4,,,,,10006,,,,"Tiago Henrique",20.82,4.64,2025-02-10,,,,,2
466,,,2,,1,,,,,5086," -29.3"," -21.4"," -30.8","Tiago Henrique",,,2025-02-10,,,,,2
467,,,2,,2,,,,,5170," -78",,,"Tiago Henrique",,,2025-02-10,,,,,2
468,,,2,,3,,,,,5257,5,6,4,"Tiago Henrique",,,2025-02-10,,,,,2
469,,,1,1,,20.6,22.6,20.4,64,,,,,"Tiago Henrique",,,2025-02-11,,,,,2
470,,,2,,4,,,,,10006,,,,"Tiago Henrique",20.84,4.67,2025-02-11,,,,,2
471,,,2,,1,,,,,5086," -27.9"," -21.4"," -31.1","Tiago Henrique",,,2025-02-11,,,,,2
472,,,2,,2,,,,,5170," -78",,,"Tiago Henrique",,,2025-02-11,,,,,2
473,,,2,,3,,,,,5257,4,7,4,"Tiago Henrique",,,2025-02-11,,,,,2
474,,,1,1,,20.6,23.5,20.4,64,,,,,"Tiago Henrique",,,2025-02-12,,,,,2
475,,,2,,4,,,,,10006,,,,"Tiago Henrique",21.92,4.73,2025-02-12,,,,,2
476,,,2,,1,,,,,5086," -24.4"," -21.5"," -39.8","Tiago Henrique",,,2025-02-12,,,,,2
477,,,2,,2,,,,,5170," -79",,,"Tiago Henrique",,,2025-02-12,,,,,2
478,,,2,,3,,,,,5257,2,7,2,"Tiago Henrique",,,2025-02-12,,,,,2
479,,,1,1,,20.4,23.5,20.1,66,,,,,"Tiago Henrique",,,2025-02-13,,,,,2
480,,,2,,4,,,,,10006,,,,"Tiago Henrique",20.58,4.67,2025-02-13,,,,,2
481,,,2,,1,,,,,5086," -23.7"," -21.5"," -30.7","Tiago Henrique",,,2025-02-13,,,,,2
482,,,2,,2,,,,,5170," -79",,,"Tiago Henrique",,,2025-02-13,,,,,2
483,,,2,,3,,,,,5257,2,4,2,"Tiago Henrique",,,2025-02-13,,,,,2
484,,,1,1,,21.6,23.9,20.4,64,,,,,"Tiago Henrique",,,2025-02-17,,,,,2
485,,,2,,1,,,,,5086," -23.5"," -21.5"," -30.7","Tiago Henrique",,,2025-02-17,,,,,2
486,,,2,,2,,,,,5170," -79",,,"Tiago Henrique",,,2025-02-17,,,,,2
487,,,2,,3,,,,,5257,3,6,2,"Tiago Henrique",,,2025-02-17,,,,,2
488,,,1,1,,21.9,24.4,20.4,63,,,,,"Tiago Henrique",,,2025-02-18,,,,,2
489,,,2,,1,,,,,5086," -22.3"," -21.5"," -30.7","Tiago Henrique",,,2025-02-18,,,,,2
490,,,2,,2,,,,,5170," -77",,,"Tiago Henrique",,,2025-02-18,,,,,2
491,,,2,,3,,,,,5257,3,6,2,"Tiago Henrique",,,2025-02-18,,,,,2
492,,,1,1,,21.4,24.4,20.4,66,,,,,"Tiago Henrique",,,2025-02-19,,,,,2
493,,,2,,4,,,,,10006,,,,"Tiago Henrique",21.53,5.78,2025-02-19,,,,,2
494,,,2,,1,,,,,5086," -25.3"," -21.5"," -30.7","Tiago Henrique",,,2025-02-19,,,,,2
495,,,2,,2,,,,,5170," -77",,,"Tiago Henrique",,,2025-02-19,,,,,2
496,,,2,,3,,,,,5257,3,5,2,"Tiago Henrique",,,2025-02-19,,,,,2
497,,,1,1,,21.4,24.1,21.0,70,,,,,"Tiago Henrique",,,2025-02-21,,,,,2
498,,,2,,4,,,,,10006,,,,"Tiago Henrique",21.76,5.18,2025-02-21,,,,,2
499,,,2,,1,,,,,5086," -25.2"," -21.4"," -30.8","Tiago Henrique",,,2025-02-21,,,,,2
500,,,2,,2,,,,,5170," -76",,,"Tiago Henrique",,,2025-02-21,,,,,2
501,,,2,,3,,,,,5257,2,5,2,"Tiago Henrique",,,2025-02-21,,,,,2
502,,,1,1,,21.1,23.9,20.8,65,,,,,"Tiago Henrique",,,2025-02-24,,,,,2
503,,,2,,4,,,,,10006,,,,"Tiago Henrique",21.64,4.93,2025-02-24,,,,,2
504,,,2,,1,,,,,5086," -25.2"," -21.5"," -30.7","Tiago Henrique",,,2025-02-24,,,,,2
505,,,2,,2,,,,,5170," -77",,,"Tiago Henrique",,,2025-02-24,,,,,2
506,,,2,,3,,,,,5257,2,6,2,"Tiago Henrique",,,2025-02-24,,,,,2
507,,,1,1,,20.9,23.9,20.6,62,,,,,"Tiago Henrique",,,2025-02-25,,,,,2
508,,,2,,4,,,,,10006,,,,"Tiago Henrique",4.68,21.31,2025-02-25,,,,,2
509,,,2,,1,,,,,5086," -24.5"," -21.5"," -30.6","Tiago Henrique",,,2025-02-25,,,,,2
510,,,2,,2,,,,,5170," -76",,,"Tiago Henrique",,,2025-02-25,,,,,2
511,,,2,,3,,,,,5257,2,4,2,"Tiago Henrique",,,2025-02-25,,,,,2
512,,,1,1,,20.6,21.9,20.4,64,,,,,"Tiago Henrique",,,2025-02-26,,,,,2
513,,,2,,4,,,,,10006,,,,"Tiago Henrique",20.95,4.60,2025-02-26,,,,,2
514,,,2,,1,,,,,5086," -29.1"," -21.5"," -30.5","Tiago Henrique",,,2025-02-26,,,,,2
515,,,2,,2,,,,,5170," -77",,,"Tiago Henrique",,,2025-02-26,,,,,2
516,,,2,,3,,,,,5257,4,4,2,"Tiago Henrique",,,2025-02-26,,,,,2
517,,,1,1,,22.1,22.9,20.6,65,,,,,"Tiago Henrique",,,2025-02-27,,,,,2
518,,,2,,4,,,,,10006,,,,"Tiago Henrique",22.49,5.30,2025-02-27,,,,,2
519,,,2,,1,,,,,5086," -26.0"," -21.5"," -30.6","Tiago Henrique",,,2025-02-27,,,,,2
520,,,2,,2,,,,,5170," -77",,,"Tiago Henrique",,,2025-02-27,,,,,2
521,,,2,,3,,,,,5257,2,5,2,"Tiago Henrique",,,2025-02-27,,,,,2
522,,,1,1,,21.0,23.1,20.6,64,,,,,"Tiago Henrique",,,2025-02-28,,,,,2
523,,,2,,4,,,,,10006,,,,"Tiago Henrique",21.39,5.05,2025-02-28,,,,,2
524,,,2,,1,,,,,5086," --25.8"," -21.5"," -30.6","Tiago Henrique",,,2025-02-28,,,,,2
525,,,2,,2,,,,,5170," -79",,,"Tiago Henrique",,,2025-02-28,,,,,2
526,,,2,,3,,,,,5257,2,5,2,"Tiago Henrique",,,2025-02-28,,,,,2
527,,,1,1,,21.1,23.4,20.4,61,,,,,"Tiago Henrique",,,2025-03-05,,,,,2
528,,,2,,4,,,,,10006,,,,"Tiago Henrique",21.38,5.22,2025-03-05,,,,,2
529,,,2,,1,,,,,5086," -28.4"," -21.5"," -30.6","Tiago Henrique",,,2025-03-05,,,,,2
530,,,2,,2,,,,,5170," -78",,,"Tiago Henrique",,,2025-03-05,,,,,2
531,,,2,,3,,,,,5257,2,4,2,"Tiago Henrique",,,2025-03-05,,,,,2
532,,,1,1,,21.4,23.9,21.3,60,,,,,"Tiago Henrique",,,2025-03-06,,,,,2
533,,,2,,4,,,,,10006,,,,"Tiago Henrique",21.56,5.39,2025-03-06,,,,,2
534,,,2,,1,,,,,5086," -22.8"," -21.5"," -30.5","Tiago Henrique",,,2025-03-06,,,,,2
535,,,2,,2,,,,,5170," -78",,,"Tiago Henrique",,,2025-03-06,,,,,2
536,,,2,,3,,,,,5257,2,6,2,"Tiago Henrique",,,2025-03-06,,,,,2
537,,,1,1,,21.4,23.9,21.1,54,,,,,"Tiago Henrique",,,2025-03-07,,,,,2
538,,,2,,4,,,,,10006,,,,"Tiago Henrique",21.56,5.12,2025-03-07,,,,,2
539,,,2,,1,,,,,5257," -26.4"," -21.5"," -30.5","Tiago Henrique",,,2025-03-07,,,,,2
540,,,2,,2,,,,,5170," -79",,,"Tiago Henrique",,,2025-03-07,,,,,2
541,,,2,,3,,,,,5257,4,4,2,"Tiago Henrique",,,2025-03-07,,,,,2
542,,,1,1,,21.6,23.9,20.9,58,,,,,"Tiago Henrique",,,2025-03-10,,,,,2
543,,,2,,4,,,,,10006,,,,"Tiago Henrique",21.86,5.38,2025-03-10,,,,,2
544,,,2,,1,,,,,5086," -24.6"," -21.5"," -30.6","Tiago Henrique",,,2025-03-10,,,,,2
545,,,2,,2,,,,,5170," -76",,,"Tiago Henrique",,,2025-03-10,,,,,2
546,,,2,,3,,,,,5257,2,5,2,"Tiago Henrique",,,2025-03-10,,,,,2
547,,,1,1,,21.4,24.6,20.9,67,,,,,"Tiago Henrique",,,2025-03-11,,,,,2
548,,,2,,4,,,,,10006,,,,"Tiago Henrique",21.51,5.29,2025-03-11,,,,,2
549,,,2,,1,,,,,5086," -24.9"," -21.5"," -30.7","Tiago Henrique",,,2025-03-11,,,,,2
550,,,2,,2,,,,,5170," -77",,,"Tiago Henrique",,,2025-03-11,,,,,2
551,,,2,,3,,,,,5257,2,4,2,"Tiago Henrique",,,2025-03-11,,,,,2
552,,,1,1,,20.9,23.4,20.9,64,,,,,"Tiago Henrique",,,2025-03-12,,,,,2
553,,,2,,4,,,,,10006,,,,"Tiago Henrique",21.20,4.88,2025-03-12,,,,,2
554,,,2,,1,,,,,5086," -29.3"," -21.5"," -30.7","Tiago Henrique",,,2025-03-12,,,,,2
555,,,2,,2,,,,,5170," -79",,,"Tiago Henrique",,,2025-03-12,,,,,2
556,,,2,,3,,,,,5257,3,4,3,"Tiago Henrique",,,2025-03-12,,,,,2
557,,,1,1,,21.1,23.6,20.9,64,,,,,"Tiago Henrique",,,2025-03-13,,,,,2
558,,,2,,4,,,,,10006,,,,"Tiago Henrique",21.54,5.67,2025-03-13,,,,,2
559,,,2,,1,,,,,5086," -25.5"," -21.4"," -30.7","Tiago Henrique",,,2025-03-13,,,,,2
560,,,2,,2,,,,,5170," -78",,,"Tiago Henrique",,,2025-03-13,,,,,2
561,,,2,,3,,,,,5257,2,6,2,"Tiago Henrique",,,2025-03-13,,,,,2
562,,,1,1,,21.3,24.8,20.9,64,,,,,"Tiago Henrique",,,2025-03-14,,,,,2
563,,,2,,1,,,,,5086," -26.0"," -21.5"," -30.8","Tiago Henrique",,,2025-03-14,,,,,2
564,,,2,,2,,,,,5170," -77",,,"Tiago Henrique",,,2025-03-14,,,,,2
565,,,2,,3,,,,,5257,6,6,2,"Tiago Henrique",,,2025-03-14,,,,,2
566,,,1,1,,20.8,22.6,20.5,68,,,,,"Tiago Henrique",,,2025-03-17,,,,,2
567,,,2,,4,,,,,10006,,,,"Tiago Henrique",21.11,5.05,2025-03-17,,,,,2
568,,,2,,1,,,,,5086," -27.5"," -21.5"," -31.0","Tiago Henrique",,,2025-03-17,,,,,2
569,,,2,,2,,,,,5170," -77",,,"Tiago Henrique",,,2025-03-17,,,,,2
570,,,2,,3,,,,,5257,4,6,2,"Tiago Henrique",,,2025-03-17,,,,,2
571,,,1,1,,20.4,23.1,20.4,65,,,,,"Tiago Henrique",,,2025-03-18,,,,,2
572,,,2,,4,,,,,10006,,,,"Tiago Henrique",20.94,4.94,2025-03-18,,,,,2
573,,,2,,1,,,,,5086," -29.4"," -21.5"," -31.1","Tiago Henrique",,,2025-03-18,,,,,2
574,,,2,,2,,,,,5170," -77",,,"Tiago Henrique",,,2025-03-18,,,,,2
575,,,2,,3,,,,,5257,6,6,3,"Tiago Henrique",,,2025-03-18,,,,,2
576,,,1,1,,19.9,23.0,19.9,74,,,,,"Tiago Henrique",,,2025-03-20,,,,,2
577,,,2,,1,,,,,5086," -31.2"," -26.7"," -21.5","Tiago Henrique",,,2025-03-20,,,,,2
578,,,2,,2,,,,,5170," -79",,,"Tiago Henrique",,,2025-03-20,,,,,2
579,,,2,,3,,,,,5257,4,6,4,"Tiago Henrique",,,2025-03-20,,,,,2
580,,,1,1,,20.5,22.9,19.9,64,,,,,"Tiago Henrique",,,2025-03-21,,,,,2
581,,,2,,1,,,,,5086," -27.4"," -21.5"," -31.1","Tiago Henrique",,,2025-03-21,,,,,2
582,,,2,,2,,,,,5170," -77",,,"Tiago Henrique",,,2025-03-21,,,,,2
583,,,2,,3,,,,,5257,3,6,3,"Tiago Henrique",,,2025-03-21,,,,,2
584,,,1,1,,21.4,22.3,20.4,65,,,,,"Tiago Henrique",,,2025-03-24,,,,,2
585,,,2,,4,,,,,10006,,,,"Tiago Henrique",21.76,6.26,2025-03-24,,,,,2
586,,,2,,1,,,,,5086," -22.6"," -21.5"," -31.1","Tiago Henrique",,,2025-03-24,,,,,2
587,,,2,,2,,,,,5170," -77",,,"Tiago Henrique",,,2025-03-24,,,,,2
588,,,2,,3,,,,,5257,4,6,3,"Tiago Henrique",,,2025-03-24,,,,,2
589,,,1,1,,20.6,22.6,20.4,66,,,,,"Tiago Henrique",,,2025-03-25,,,,,2
590,,,2,,4,,,,,10006,,,,"Tiago Henrique",21.11,5.23,2025-03-25,,,,,2
591,,,2,,1,,,,,5086," -23.3"," -21.5"," -31.1","Tiago Henrique",,,2025-03-25,,,,,2
592,,,2,,2,,,,,5170," -79",,,"Tiago Henrique",,,2025-03-25,,,,,2
593,,,1,1,,20.6,23.1,20.5,70,,,,,"Tiago Henrique",,,2025-03-26,,,,,2
594,,,2,,4,,,,,10006,,,,"Tiago Henrique",21.04,5.45,2025-03-26,,,,,2
595,,,2,,1,,,,,5086," -28.2"," -21.5"," -31.1","Tiago Henrique",,,2025-03-26,,,,,2
596,,,2,,2,,,,,5170," -78",,,"Tiago Henrique",,,2025-03-26,,,,,2
597,,,2,,3,,,,,5257,6,6,4,"Tiago Henrique",,,2025-03-26,,,,,2
598,,,1,1,,20.9,22.4,18.9,73,,,,,"Tiago Henrique",,,2025-03-31,,,,,2
599,,,2,,4,,,,,10006,,,,"Tiago Henrique",21.36,5?54,2025-03-31,,,,,2
600,,,2,,1,,,,,5086," -25.6"," -21.5"," -32.2","Tiago Henrique",,,2025-03-31,,,,,2
601,,,2,,2,,,,,5170," -76",,,"Tiago Henrique",,,2025-03-31,,,,,2
602,,,2,,3,,,,,5257,5,6,4,"Tiago Henrique",,,2025-03-31,,,,,2
603,,,1,1,,19.8,21.8,19.8,73,,,,,"Tiago Henrique",,,2025-04-01,,,,,2
604,,,2,,4,,,,,10006,,,,"Tiago Henrique",20.29,4.97,2025-04-01,,,,,2
605,,,2,,1,,,,,5086," -25.6"," -22.5"," -31.2","Tiago Henrique",,,2025-04-01,,,,,2
606,,,2,,2,,,,,5170," -77",,,"Tiago Henrique",,,2025-04-01,,,,,2
607,,,2,,3,,,,,5257,6,6,2,"Tiago Henrique",,,2025-04-01,,,,,2
608,,,1,1,,20.4,22.6,19.8,67,,,,,"Tiago Henrique",,,2025-04-02,,,,,2
609,,,2,,4,,,,,10006,,,,"Tiago Henrique",20.77,5.35,2025-04-02,,,,,2
610,,,2,,1,,,,,5086," -22.8"," -21.5"," -31.1","Tiago Henrique",,,2025-04-02,,,,,2
611,,,2,,2,,,,,5170," -78",,,"Tiago Henrique",,,2025-04-02,,,,,2
612,,,2,,3,,,,,5257,4,6,4,"Tiago Henrique",,,2025-04-02,,,,,2
613,,,1,1,,21.3,22.9,19.8,62,,,,,"Tiago Henrique",,,2025-04-03,,,,,2
614,,,2,,4,,,,,10006,,,,"Tiago Henrique",21.42,5.84,2025-04-03,,,,,2
615,,,2,,1,,,,,5086," -22.9"," -21.5"," -32.0","Tiago Henrique",,,2025-04-03,,,,,2
616,,,2,,2,,,,,5170," -78",,,"Tiago Henrique",,,2025-04-03,,,,,2
617,,,2,,3,,,,,5257,4,6,2,"Tiago Henrique",,,2025-04-03,,,,,2
618,,,1,1,,19.3,23.4,19.3,70,,,,,"Tiago Henrique",,,2025-04-07,,,,,2
619,,,2,,4,,,,,10006,,,,"Tiago Henrique",19.8,4.69,2025-04-07,,,,,2
620,,,2,,1,,,,,5086," -24.6"," -21.5"," -31.1","Tiago Henrique",,,2025-04-07,,,,,2
621,,,2,,2,,,,,5170," -78",,,"Tiago Henrique",,,2025-04-07,,,,,2
622,,,2,,3,,,,,5257,3,7,3,"Tiago Henrique",,,2025-04-07,,,,,2
623,,,1,1,,20.9,21.4,19.3,63,,,,,"Tiago Henrique",,,2025-04-08,,,,,2
624,,,2,,4,,,,,10006,,,,"Tiago Henrique",21.45,4.88,2025-04-08,,,,,2
625,,,2,,1,,,,,5086," -28.2"," -21.5"," -31.0","Tiago Henrique",,,2025-04-08,,,,,2
626,,,2,,2,,,,,5170," -78",,,"Tiago Henrique",,,2025-04-08,,,,,2
627,,,2,,3,,,,,5257,5,6,3,"Tiago Henrique",,,2025-04-08,,,,,2
628,,,1,1,,20.8,21.9,20.4,66,,,,,"Tiago Henrique",,,2025-04-09,,,,,2
629,,,2,,4,,,,,10006,,,,"Tiago Henrique",21.22,5.11,2025-04-09,,,,,2
630,,,2,,1,,,,,5086," -25.3"," -21.6"," -31.0","Tiago Henrique",,,2025-04-09,,,,,2
631,,,2,,2,,,,,5170," -77",,,"Tiago Henrique",,,2025-04-09,,,,,2
632,,,2,,3,,,,,5257,5,7,4,"Tiago Henrique",,,2025-04-09,,,,,2
633,,,1,1,,20.1,22.0,20.1,64,,,,,"Tiago Henrique",,,2025-04-10,,,,,2
634,,,2,,1,,,,,5086," -29.6"," -21.5"," -31.1","Tiago Henrique",,,2025-04-10,,,,,2
635,,,2,,2,,,,,5170," -79",,,"Tiago Henrique",,,2025-04-10,,,,,2
636,,,2,,3,,,,,5257,5,5,3,"Tiago Henrique",,,2025-04-10,,,,,2
637,,,1,1,,20.3,23.8,20.1,67,,,,,"Tiago Henrique",,,2025-04-11,,,,,2
638,,,2,,4,,,,,10006,,,,"Tiago Henrique",21.08,5.17,2025-04-11,,,,,2
639,,,2,,1,,,,,5086," -22.6"," -21.5"," -31.1","Tiago Henrique",,,2025-04-11,,,,,2
640,,,2,,2,,,,,5170," -79",,,"Tiago Henrique",,,2025-04-11,,,,,2
641,,,2,,3,,,,,5257,4,7,2,"Tiago Henrique",,,2025-04-11,,,,,2
642,,,1,1,,19.9,21.9,19.3,71,,,,,"Tiago Henrique",,,2025-04-15,,,,,2
643,,,2,,4,,,,,10006,,,,"Tiago Henrique",20.52,5.25,2025-04-15,,,,,2
644,,,2,,1,,,,,5086," -28.3"," -21.5"," -31.0","Tiago Henrique",,,2025-04-15,,,,,2
645,,,2,,2,,,,,5170," -78",,,"Tiago Henrique",,,2025-04-15,,,,,2
646,,,2,,3,,,,,5257,5,7,3,"Tiago Henrique",,,2025-04-15,,,,,2
647,,,2,,4,,,,,10006,,,,"Tiago Henrique",21.56,5.89,2025-04-16,,,,,2
648,,,1,1,,20.1,22.0,19.3,67,,,,,"Tiago Henrique",,,2025-04-16,,,,,2
649,,,2,,1,,,,,5086," -28.6"," -21.5"," -30.9","Tiago Henrique",,,2025-04-16,,,,,2
650,,,2,,2,,,,,5170," -79",,,"Tiago Henrique",,,2025-04-16,,,,,2
651,,,2,,3,,,,,5257,5,5,3,"Tiago Henrique",,,2025-04-16,,,,,2
652,,,1,1,,19.1,21.6,19.1,73,,,,,"Tiago Henrique",,,2025-04-22,,,,,2
653,,,2,,4,,,,,10006,,,,"Tiago Henrique",19.62,4.80,2025-04-22,,,,,2
654,,,2,,1,,,,,5086," -30.1"," -21.5"," -31.1","Tiago Henrique",,,2025-04-22,,,,,2
655,,,2,,2,,,,,5170," -76",,,"Tiago Henrique",,,2025-04-22,,,,,2
656,,,2,,3,,,,,5257,4,7,2,"Tiago Henrique",,,2025-04-22,,,,,2
657,,,1,1,,19.8,21.1,19.8,69,,,,,"Tiago Henrique",,,2025-04-23,,,,,2
658,,,2,,4,,,,,10006,,,,"Tiago Henrique",20.0,4.85,2025-04-23,,,,,2
659,,,2,,1,,,,,5086," -29.6"," -21.6"," -31.0","Tiago Henrique",,,2025-04-23,,,,,2
660,,,2,,2,,,,,5170," -76",,,"Tiago Henrique",,,2025-04-23,,,,,2
661,,,2,,3,,,,,5257,5,5,2,"Tiago Henrique",,,2025-04-23,,,,,2
662,,,1,1,,20.0,19.1,21.5,67,,,,,"Tiago Henrique",,,2025-04-24,,,,,2
663,,,2,,4,,,,,10006,,,,"Tiago Henrique",20.55,5.21,2025-04-24,,,,,2
664,,,2,,1,,,,,5086," -28.0"," -21.6"," -31.1","Tiago Henrique",,,2025-04-24,,,,,2
665,,,2,,2,,,,,5170," -77",,,"Tiago Henrique",,,2025-04-24,,,,,2
666,,,2,,3,,,,,5257,4,7,3,"Tiago Henrique",,,2025-04-24,,,,,2
667,,,1,1,,20.0,22.3,19.1,67,,,,,"Tiago Henrique",,,2025-04-25,,,,,2
668,,,2,,4,,,,,10006,,,,"Tiago Henrique",20.69,5.26,2025-04-25,,,,,2
669,,,2,,1,,,,,5086," -24.3"," -21.6"," -30.9","Tiago Henrique",,,2025-04-25,,,,,2
670,,"2025-04-25 07:47:49",2,,2,,,,,5170," -77",,,"Tiago Henrique",,,2025-04-25,,,,,2
671,,"2025-04-25 07:48:20",2,,3,,,,,5257,4,6,3,"Tiago Henrique",,,2025-04-25,,,,,2
672,,,1,1,,19.9,22.3,19.1,76,,,,,"Tiago Henrique",,,2025-04-28,,,,,2
673,,,2,,4,,,,,10006,,,,"Tiago Henrique",21.53,5.30,2025-04-28,,,,,2
674,,,2,,1,,,,,5086," -27.6"," -21.6"," -31.1","Tiago Henrique",,,2025-04-28,,,,,2
675,,,2,,2,,,,,5170," -77",,,"Tiago Henrique",,,2025-04-28,,,,,2
676,,,2,,3,,,,,5257,5,7,2,"Tiago Henrique",,,2025-04-28,,,,,2
677,,,1,1,,19.4,22.3,19.1,75,,,,,"Tiago Henrique",,,2025-04-29,,,,,2
678,,,2,,4,,,,,10006,,,,"Tiago Henrique",19.93,4.9,2025-04-29,,,,,2
679,,,2,,1,,,,,5086," -28.8"," -21.5"," -31.1","Tiago Henrique",,,2025-04-29,,,,,2
680,,,2,,2,,,,,5170," -77",,,"Tiago Henrique",,,2025-04-29,,,,,2
681,,,2,,3,,,,,5257,2,6,2,"Tiago Henrique",,,2025-04-29,,,,,2
682,,,2,,4,,,,,10006,,,,"Tiago Henrique",19.25,4.87,2025-05-05,,,,,2
683,,,2,,2,,,,,5170," -78",,,"Tiago Henrique",,,2025-05-05,,,,,2
684,,,2,,3,,,,,5257,4,6,3,"Tiago Henrique",,,2025-05-05,,,,,2
685,,,2,,1,,,,,5086," -26.9"," -21.5"," -31.0","Tiago Henrique",,,2025-05-05,,,,,2
686,,,1,1,,18.6,20.9,18.1,68,,,,,"Tiago Henrique",,,2025-05-05,,,,,2
687,,,1,1,,18.9,20.9,17.6,68,,,,,"Tiago Henrique",,,2025-05-06,,,,,2
688,,,2,,4,,,,,10006,,,,"Tiago Henrique",19.52,4.70,2025-05-06,,,,,2
689,,,2,,1,,,,,5086," -22.2"," -22.5"," -30.8","Tiago Henrique",,,2025-05-06,,,,,2
690,,,2,,2,,,,,5170," -77",,,"Tiago Henrique",,,2025-05-06,,,,,2
691,,,2,,3,,,,,5257,4,7,3,"Tiago Henrique",,,2025-05-06,,,,,2
692,,,1,1,,19.1,20.5,18.9,67,,,,,"Tiago Henrique",,,2025-05-07,,,,,2
693,,,2,,1,,,,,5086," -30.2"," -21.6"," -30.8","Tiago Henrique",,,2025-05-07,,,,,2
694,,,2,,2,,,,,5170," -76",,,"Tiago Henrique",,,2025-05-07,,,,,2
695,,,2,,3,,,,,5257,4,6,4,"Tiago Henrique",,,2025-05-07,,,,,2
